science_keyword,band_list
Main sequence stars,3
Low-mass star formation,6
"Damped Lyman Alpha (DLA) systems, Galaxy structure & evolution",9
Disks around low-mass stars,6
"Starbursts, star formation, Merging and interacting galaxies",6
"Starbursts, star formation, Merging and interacting galaxies",9
"Starburst galaxies, Sub-mm Galaxies (SMG)",3
"Hypergiants, Evolved stars - Shaping/physical structure",6
Galaxy structure & evolution,6
"Inter-Stellar Medium (ISM)/Molecular clouds, Photon-Dominated Regions (PDR)/X-Ray Dominated Regions (XDR)",7
"Gravitational lenses, Galaxy Clusters",7
"Sub-mm Galaxies (SMG), Galaxy Clusters",6
"Outflows, jets and ionized winds, High-mass star formation",6
"Active Galactic Nuclei (AGN)/Quasars (QSO), Spiral galaxies",6
"Outflows, jets and ionized winds, Low-mass star formation",7
High-z Active Galactic Nuclei (AGN),4
Asymptotic Giant Branch (AGB) stars,7
"High-z Active Galactic Nuclei (AGN), Gravitational lenses",3
"Merging and interacting galaxies, Luminous and Ultra-Luminous Infra-Red Galaxies (LIRG & ULIRG)",7
"Debris disks, Disks around low-mass stars",7
"Starbursts, star formation",8
"Outflows, jets, feedback, Early-type galaxies",3
"Low-mass star formation, Astrochemistry",3
Evolved stars - Shaping/physical structure,7
Damped Lyman Alpha (DLA) systems,7
Astrochemistry,9
"Lyman Break Galaxies (LBG), Gamma Ray Bursts (GRB)",7
"Active Galactic Nuclei (AGN)/Quasars (QSO), Luminous and Ultra-Luminous Infra-Red Galaxies (LIRG & ULIRG)",4
Disks around high-mass stars,3
Gamma Ray Bursts (GRB),3
Gamma Ray Bursts (GRB),7
Astrochemistry,5
"Exo-planets, Solar system - Planetary atmospheres",7
"Asymptotic Giant Branch (AGB) stars, Evolved stars - Chemistry",3
"Asymptotic Giant Branch (AGB) stars, Evolved stars - Chemistry",7
"Galactic centres/nuclei, Dwarf/metal-poor galaxies",6
"Outflows, jets, feedback, Galaxy groups and clusters",3
"Supernovae (SN) ejecta, Pulsars and neutron stars",6
"Galaxy chemistry, Giant Molecular Clouds (GMC) properties",6
"Spiral galaxies, Galaxy groups and clusters",3
"Starbursts, star formation, Surveys of galaxies",3
Transients,3
"Astrochemistry, Inter-Stellar Medium (ISM)/Molecular clouds",3
"High-mass star formation, Low-mass star formation",3
Inter-Stellar Medium (ISM)/Molecular clouds,4
"Starbursts, star formation, Active Galactic Nuclei (AGN)/Quasars (QSO)",6
"Post-AGB stars, Evolved stars - Shaping/physical structure",6
"Debris disks, Disks around low-mass stars",6
"Starburst galaxies, High-z Active Galactic Nuclei (AGN)",8
"Starbursts, star formation, Luminous and Ultra-Luminous Infra-Red Galaxies (LIRG & ULIRG)",5
Active Galactic Nuclei (AGN)/Quasars (QSO),8
"Starbursts, star formation",6
"Starbursts, star formation, Giant Molecular Clouds (GMC) properties",7
"Debris disks, Disks around high-mass stars",6
"Evolved stars - Chemistry, Transients",5
Solar system - Trans-Neptunian Objects (TNOs),3
"Solar system - Planetary surfaces, Solar system - Trans-Neptunian Objects (TNOs)",7
"Galactic centres/nuclei, Giant Molecular Clouds (GMC) properties",3
"Merging and interacting galaxies, Surveys of galaxies",3
"Lyman Break Galaxies (LBG), Galaxy structure & evolution",3
Solar system - Comets,5
"Spiral galaxies, Giant Molecular Clouds (GMC) properties",6
"High-mass star formation, HII regions",3
"Early-type galaxies, Galaxy chemistry",3
"Sub-mm Galaxies (SMG), Damped Lyman Alpha (DLA) systems",6
"Starburst galaxies, Galaxy Clusters",6
"High-mass star formation, HII regions",6
Gamma Ray Bursts (GRB),6
"Merging and interacting galaxies, Surveys of galaxies",8
"Sub-mm Galaxies (SMG), Damped Lyman Alpha (DLA) systems",3
"Outflows, jets, feedback, Galaxy groups and clusters",5
High-mass star formation,5
"Starbursts, star formation, Luminous and Ultra-Luminous Infra-Red Galaxies (LIRG & ULIRG)",3
"Intermediate-mass star formation, Pre-stellar cores, Infra-Red Dark Clouds (IRDC)",4
"Damped Lyman Alpha (DLA) systems, Galaxy structure & evolution",3
"Gravitational lenses, Galaxy structure & evolution",7
Inter-Stellar Medium (ISM)/Molecular clouds,8
Photon-Dominated Regions (PDR)/X-Ray Dominated Regions (XDR),8
"Sub-mm Galaxies (SMG), Galaxy Clusters",4
"Spiral galaxies, Dwarf/metal-poor galaxies",6
"Disks around low-mass stars, Disks around high-mass stars",4
"Starburst galaxies, Gamma Ray Bursts (GRB)",7
"Main sequence stars, Asymptotic Giant Branch (AGB) stars",6
"Main sequence stars, Asymptotic Giant Branch (AGB) stars",7
"Disks around low-mass stars, Exo-planets",3
Luminous Blue Variables (LBV),6
"Galaxy chemistry, Luminous and Ultra-Luminous Infra-Red Galaxies (LIRG & ULIRG)",7
"Galaxy chemistry, Luminous and Ultra-Luminous Infra-Red Galaxies (LIRG & ULIRG)",5
"Disks around low-mass stars, Solar system - Comets",5
"Sub-mm Galaxies (SMG), Galaxy Clusters",8
"Dwarf/metal-poor galaxies, Giant Molecular Clouds (GMC) properties",8
"High-mass star formation, Intermediate-mass star formation",8
"Evolved stars - Chemistry, Transients",6
"Galaxy chemistry, Galactic centres/nuclei",6
"Active Galactic Nuclei (AGN)/Quasars (QSO), Galactic centres/nuclei",4
"Sub-mm Galaxies (SMG), Gamma Ray Bursts (GRB)",6
"Lyman Break Galaxies (LBG), High-z Active Galactic Nuclei (AGN)",7
"Lyman Break Galaxies (LBG), Galaxy structure &evolution",6
"Pre-stellar cores, Infra-Red Dark Clouds (IRDC), Astrochemistry",9
"Gravitational lenses, Damped Lyman Alpha (DLA) systems",3
"Surveys of galaxies, Galaxy chemistry",3
"Surveys of galaxies, Galaxy chemistry",4
"Lyman Alpha Emitters/Blobs (LAE/LAB), High-z Active Galactic Nuclei (AGN)",6
"Hypergiants, Evolved stars - Shaping/physical structure",7
"Hypergiants, Evolved stars - Shaping/physical structure",8
"Galaxy groups and clusters, Luminous and Ultra-Luminous Infra-Red Galaxies (LIRG & ULIRG)",4
"Asymptotic Giant Branch (AGB) stars, Evolved stars - Chemistry",10
"Starburst galaxies, Galaxy groups and clusters",7
"Spiral galaxies, Outflows, jets, feedback",7
"Disks around high-mass stars, Exo-planets",4
"Starburst galaxies, Damped Lyman Alpha (DLA) systems",3
Debris disks,9
"Merging and interacting galaxies, Starbursts, star formation",7
"Galactic centres/nuclei, Active Galactic Nuclei (AGN)/Quasars (QSO)",6
"Pre-stellar cores, Infra-Red Dark Clouds (IRDC), High-mass star formation",6
"Outflows, jets and ionized winds, Astrochemistry",9
"Luminous Blue Variables (LBV), Evolved stars: Shaping/physical structure",3
"Active Galactic Nuclei (AGN)/Quasars (QSO), Spiral galaxies",9
"Starburst galaxies, Galaxy structure & evolution",9
"Lyman Alpha Emitters/Blobs (LAE/LAB), Galaxy structure & evolution",7
"Merging and interacting galaxies, Early-type galaxies",3
"Evolved stars - Shaping/physical structure, Evolved stars - Chemistry",9
"Disks around low-mass stars, Astrochemistry",6
Galaxy structure & evolution,5
"Astrochemistry, Inter-Stellar Medium (ISM)/Molecular clouds",1
"Starburst galaxies, Sub-mm Galaxies (SMG)",1
Black holes,1
"Active Galactic Nuclei (AGN)/Quasars (QSO), Outflows, jets, feedback",1
"High-z Active Galactic Nuclei (AGN), Galaxy structure & evolution",6
"Active Galactic Nuclei (AGN)/Quasars (QSO), Outflows, jets, feedback",3
"Starburst galaxies, Gravitational lenses",6
"Starburst galaxies, Galaxy structure & evolution",4
Main sequence stars,7
"Active Galactic Nuclei (AGN)/Quasars (QSO), Galactic centres/nuclei",7
"Inter-Stellar Medium (ISM)/Molecular clouds, Photon-Dominated Regions (PDR)/X-Ray Dominated Regions (XDR)",3
Active Galactic Nuclei (AGN)/Quasars (QSO),4
"Sub-mm Galaxies (SMG), Gravitational lenses",3
"Sub-mm Galaxies (SMG), Gravitational lenses",6
"Lyman Alpha Emitters/Blobs (LAE/LAB), Starburst galaxies",8
"Evolved stars - Shaping/physical structure, Cataclysmic stars",6
"Evolved stars - Shaping/physical structure, Cataclysmic stars",4
"Outflows, jets and ionized winds, Low-mass star formation",6
"Sub-mm Galaxies (SMG), Gravitational lenses",8
"Sub-mm Galaxies (SMG), High-z Active Galactic Nuclei (AGN)",8
"Lyman Break Galaxies (LBG), Sub-mm Galaxies (SMG)",7
"Astrochemistry, Photon-Dominated Regions (PDR)/X-Ray Dominated Regions (XDR)",3
Lyman Alpha Emitters/Blobs (LAE/LAB),3
Sub-mm Galaxies (SMG),8
"High-mass star formation, Astrochemistry",4
Evolved stars - Chemistry,7
Galactic centres/nuclei,4
"Early-type galaxies, Galaxy groups and clusters",6
"Pulsars and neutron stars, Transients",3
Debris disks,3
"Debris disks, Exo-planets",7
"Outflows, jets and ionized winds, High-mass star formation",3
"Merging and interacting galaxies, Outflows, jets, feedback",6
Solar system - Planetary atmospheres,3
Galactic centres/nuclei,7
Surveys of galaxies,8
"Starburst galaxies, High-z Active Galactic Nuclei (AGN)",5
"Outflows, jets and ionized winds, Inter-Stellar Medium (ISM)/Molecular clouds",3
"Low-mass star formation, Astrochemistry",5
Gamma Ray Bursts (GRB),9
Gamma Ray Bursts (GRB),8
"High-mass star formation, Magellanic Clouds",3
"Outflows, jets, feedback, Galaxy groups and clusters",7
"Astrochemistry, Inter-Stellar Medium (ISM)/Molecular clouds",8
"High-z Active Galactic Nuclei (AGN), Galaxy structure & evolution",3
"High-mass star formation, Pre-stellar cores, Infra-Red Dark Clouds (IRDC)",7
"High-mass star formation, Astrochemistry",6
Damped Lyman Alpha (DLA) systems,6
HII regions,6
"Galaxy chemistry, Giant Molecular Clouds (GMC) properties",4
"Active Galactic Nuclei (AGN)/Quasars (QSO), Galaxy chemistry",6
"Active Galactic Nuclei (AGN)/Quasars (QSO), Luminous and Ultra-Luminous Infra-Red Galaxies (LIRG & ULIRG)",5
"Spiral galaxies, Galaxy groups and clusters",6
Debris disks,8
Evolved stars - Shaping/physical structure,6
"Outflows, jets and ionized winds, High-mass star formation",4
"Evolved stars - Shaping/physical structure, Luminous Blue Variables (LBV)",6
"Active Galactic Nuclei (AGN)/Quasars (QSO), Galaxy chemistry",3
"High-mass star formation, Pre-stellar cores, Infra-Red Dark Clouds (IRDC)",3
"Starbursts, star formation, Giant Molecular Clouds (GMC) properties",6
"Dwarf/metal-poor galaxies, Giant Molecular Clouds (GMC) properties",7
"Solar system - Planetary surfaces, Solar system - Trans-Neptunian Objects (TNOs)",6
"Debris disks, Disks around high-mass stars",3
"Debris disks, Disks around high-mass stars",5
Sub-mm Galaxies (SMG),4
"Starbursts, star formation, Outflows, jets, feedback",7
"Surveys of galaxies, Galactic centres/nuclei",7
"Post-AGB stars, Evolved stars - Shaping/physical structure",9
"Merging and interacting galaxies, Galaxy chemistry",3
Dwarf/metal-poor galaxies,8
Disks around high-mass stars,8
Evolved stars - Chemistry,5
"High-mass star formation, Astrochemistry",5
Solar system - Planetary atmospheres,9
"Low-mass star formation, Astrochemistry",10
Supernovae (SN) ejecta,8
"Starbursts, star formation, Spiral galaxies",8
High-mass star formation,4
"High-mass star formation, HII regions",8
Dwarf/metal-poor galaxies,3
Transients,7
Galactic centres/nuclei,8
"Lyman Alpha Emitters/Blobs (LAE/LAB), Sub-mm Galaxies (SMG)",7
"Lyman Break Galaxies (LBG), Galaxy structure & evolution",6
Evolved stars - Shaping/physical structure,3
Early-type galaxies,5
"Outflows, jets and ionized winds, Magellanic Clouds",7
"Inter-Stellar Medium (ISM)/Molecular clouds, HII regions",7
"Outflows, jets and ionized winds, High-mass star formation",5
"Galactic centres/nuclei, Giant Molecular Clouds (GMC) properties",7
Solar system - Asteroids,7
"Intermediate-mass star formation, Inter-Stellar Medium (ISM)/Molecular clouds",7
"Cataclysmic stars, Supernovae (SN) ejecta",7
High-z Active Galactic Nuclei (AGN),5
"Spiral galaxies, Merging and interacting galaxies",7
"Starbursts, star formation, Early-type galaxies",4
"Debris disks, Disks around high-mass stars",8
"Lyman Alpha Emitters/Blobs (LAE/LAB), Lyman Break Galaxies (LBG)",9
"Active Galactic Nuclei (AGN)/Quasars (QSO), Early-type galaxies",8
"High-mass star formation, Magellanic Clouds",7
"Outflows, jets, feedback, Galaxy chemistry",6
"Outflows, jets, feedback, Galaxy chemistry",5
"Inter-Stellar Medium (ISM)/Molecular clouds, Photon-Dominated Regions (PDR)/X-Ray Dominated Regions (XDR)",10
"High-z Active Galactic Nuclei (AGN), Cosmic Microwave Background (CMB)/Sunyaev-Zel'dovich Effect (SZE)",4
"Lyman Break Galaxies (LBG), Gravitational lenses",8
"High-mass star formation, Magellanic Clouds",8
Disks around low-mass stars,10
"Spiral galaxies, Giant Molecular Clouds (GMC) properties",8
"Merging and interacting galaxies, Outflows, jets, feedback",4
"Pre-stellar cores, Infra-Red Dark Clouds (IRDC), Astrochemistry",4
"Spiral galaxies, Galactic centres/nuclei",6
"Surveys of galaxies, Galactic centres/nuclei",3
Solar system - Comets,10
"Spiral galaxies, Galaxy groups and clusters",7
"Outflows, jets and ionized winds",9
Dwarf/metal-poor galaxies,9
"Outflows, jets and ionized winds, Inter-Stellar Medium (ISM)/Molecular clouds",7
"Lyman Alpha Emitters/Blobs (LAE/LAB), Galaxy structure & evolution",4
"Starbursts, star formation",1
"Gravitational lenses, Sub-mm Galaxies (SMG)",6
,7
High-mass star formation,10
"Outflows, jets, feedback, Galactic centres/nuclei",7
"Starbursts, star formation, Dwarf/metal-poor galaxies",7
"Supernovae (SN) ejecta, Pulsars and neutron stars",3
"Solar system - Planetary atmospheres, Solar system - Trans-Neptunian Objects (TNOs)",6
"Solar system - Trans-Neptunian Objects (TNOs), Solar system - Asteroids",6
"Outflows, jets and ionized winds, Pre-stellar cores, Infra-Red Dark Clouds (IRDC)",6
"The Sun, Main sequence stars",3
"The Sun, Main sequence stars",6
"The Sun, Main sequence stars",7
"Lyman Break Galaxies (LBG), Gamma Ray Bursts (GRB)",6
"Luminous Blue Variables (LBV), Evolved stars: Shaping/physical structure",9
HII regions,9
"Lyman Break Galaxies (LBG), High-z Active Galactic Nuclei (AGN)",8
"Lyman Break Galaxies (LBG), High-z Active Galactic Nuclei (AGN)",6
"Post-AGB stars, Transients",3
Luminous and Ultra-Luminous Infra-Red Galaxies (LIRG & ULIRG),9
"Early-type galaxies, Giant Molecular Clouds (GMC) properties",3
"Lyman Break Galaxies (LBG), Gravitational lenses",6
Damped Lyman Alpha (DLA) systems,3
"Inter-Stellar Medium (ISM)/Molecular clouds, Magellanic Clouds",3
Disks around low-mass stars,3
Merging and interacting galaxies,3
Galaxy structure & evolution,7
"Lyman Alpha Emitters/Blobs (LAE/LAB), High-z Active Galactic Nuclei (AGN)",4
Giant Molecular Clouds (GMC) properties,3
Spiral galaxies,4
"Galaxy structure & evolution, Galaxy Clusters",3
"High-z Active Galactic Nuclei (AGN), Gravitational lenses",6
"Starbursts, star formation, Active Galactic Nuclei (AGN)/Quasars (QSO)",5
"Starbursts, star formation, Surveys of galaxies",6
Surveys of galaxies,3
"Active Galactic Nuclei (AGN)/Quasars (QSO), Galaxy groups and clusters",3
"Asymptotic Giant Branch (AGB) stars, Evolved stars - Chemistry",6
"Pre-stellar cores, Infra-Red Dark Clouds (IRDC)",3
"Surveys of galaxies, Galaxy groups and clusters",3
"Active Galactic Nuclei (AGN)/Quasars (QSO), Giant Molecular Clouds (GMC) properties",7
"High-mass star formation, Inter-Stellar Medium (ISM)/Molecular clouds",6
"Active Galactic Nuclei (AGN)/Quasars (QSO), Galaxy chemistry",7
"High-mass star formation, Intermediate-mass star formation",3
"Active Galactic Nuclei (AGN)/Quasars (QSO), Galaxy chemistry",8
"Surveys of galaxies, Galactic centres/nuclei",6
"Starbursts, star formation, Galaxy chemistry",4
"Low-mass star formation, Inter-Stellar Medium (ISM)/Molecular clouds",4
Sub-mm Galaxies (SMG),7
"Asymptotic Giant Branch (AGB) stars, Post-AGB stars",6
"Active Galactic Nuclei (AGN)/Quasars (QSO), Merging and interacting galaxies",8
Post-AGB stars,3
Lyman Alpha Emitters/Blobs (LAE/LAB),6
"Pre-stellar cores, Infra-Red Dark Clouds (IRDC), Inter-Stellar Medium (ISM)/Molecular clouds",6
"Lyman Break Galaxies (LBG), Gravitational lenses",7
Low-mass star formation,4
"Surveys of galaxies, Luminous and Ultra-Luminous Infra-Red Galaxies (LIRG & ULIRG)",3
"High-mass star formation, Magellanic Clouds",6
"Asymptotic Giant Branch (AGB) stars, Evolved stars - Shaping/physical structure",3
"Spiral galaxies, Surveys of galaxies",6
"Sub-mm Galaxies (SMG), Damped Lyman Alpha (DLA) systems",7
"Sub-mm Galaxies (SMG), High-z Active Galactic Nuclei (AGN)",5
"High-z Active Galactic Nuclei (AGN), Galaxy structure & evolution",10
Magellanic Clouds,3
Evolved stars - Chemistry,8
"Active Galactic Nuclei (AGN)/Quasars (QSO), Merging and interacting galaxies",4
"Outflows, jets and ionized winds",3
"High-z Active Galactic Nuclei (AGN), Gravitational lenses",7
"Early-type galaxies, Galaxy groups and clusters",3
"Starburst galaxies, High-z Active Galactic Nuclei (AGN)",9
"High-z Active Galactic Nuclei (AGN), Galaxy Clusters",8
Asymptotic Giant Branch (AGB) stars,8
"Pre-stellar cores, Infra-Red Dark Clouds (IRDC), Inter-Stellar Medium (ISM)/Molecular clouds",3
"Low-mass star formation, Magellanic Clouds",6
Dwarf/metal-poor galaxies,6
"Gravitational lenses, Galaxy structure & evolution",6
"Evolved stars - Shaping/physical structure, Supernovae (SN) ejecta",3
"Galactic centres/nuclei, Luminous and Ultra-Luminous Infra-Red Galaxies (LIRG & ULIRG)",7
Solar system - Asteroids,6
Solar system - Asteroids,3
Intermediate-mass star formation,3
"Starburst galaxies, Gamma Ray Bursts (GRB)",3
"Spiral galaxies, Surveys of galaxies",3
"Disks around low-mass stars, Disks around high-mass stars",8
Evolved stars - Shaping/physical structure,4
"Lyman Break Galaxies (LBG), Galaxy structure & evolution",9
Merging and interacting galaxies,7
"High-mass star formation, Inter-Stellar Medium (ISM)/Molecular clouds",8
"Lyman Break Galaxies (LBG), Gravitational lenses",3
"Galactic centres/nuclei, Luminous and Ultra-Luminous Infra-Red Galaxies (LIRG & ULIRG)",3
"Active Galactic Nuclei (AGN)/Quasars (QSO), Galactic centres/nuclei",8
"High-mass star formation, Low-mass star formation",7
"Debris disks, Solar system - Comets",4
"Cataclysmic stars, Supernovae (SN) ejecta",6
"Sub-mm Galaxies (SMG), Galaxy Clusters",5
"Starburst galaxies, Galaxy Clusters",3
Hypergiants,7
"High-mass star formation, Astrochemistry",7
"Merging and interacting galaxies, Galactic centres/nuclei",5
"High-z Active Galactic Nuclei (AGN), Galaxy Clusters",4
Black holes,6
"Photon-Dominated Regions (PDR)/X-Ray Dominated Regions (XDR), HII regions",6
"High-z Active Galactic Nuclei (AGN), Galaxy structure & evolution",5
"High-mass star formation, HII regions",7
"Starbursts, star formation",4
"Outflows, jets and ionized winds, Photon-Dominated Regions (PDR)/X-Ray Dominated Regions (XDR)",3
"Astrochemistry, Magellanic Clouds",8
"Lyman Alpha Emitters/Blobs (LAE/LAB), Sub-mm Galaxies (SMG)",4
"Post-AGB stars, Evolved stars - Shaping/physical structure",3
Starburst galaxies,10
"High-mass star formation, Intermediate-mass star formation",4
"Evolved stars - Chemistry, Transients",7
"Starbursts, star formation, Spiral galaxies",4
"High-mass star formation, Inter-Stellar Medium (ISM)/Molecular clouds",9
Galaxy chemistry,7
"Disks around high-mass stars, Exo-planets",3
"Starburst galaxies, High-z Active Galactic Nuclei (AGN)",10
"Galaxy chemistry, Luminous and Ultra-Luminous Infra-Red Galaxies (LIRG & ULIRG)",3
"Disks around low-mass stars, Exo-planets",8
Disks around low-mass stars,1
"Surveys of galaxies, Early-type galaxies",3
Low-mass star formation,10
"Galaxy structure & evolution, Gamma Ray Bursts (GRB)",7
"Disks around low-mass stars, Brown dwarfs",7
"Debris disks, White dwarfs",6
"Debris disks, White dwarfs",7
"Outflows, jets and ionized winds, Low-mass star formation",4
"The Sun, Main sequence stars",8
"Cosmic Microwave Background (CMB)/Sunyaev-Zel'dovich Effect (SZE), Galaxy structure & evolution",7
"Galaxy structure & evolution, Galaxy chemistry",6
"Giant Molecular Clouds (GMC) properties, Inter-Stellar Medium (ISM)/Molecular clouds",3
"Photon-Dominated Regions (PDR)/X-Ray Dominated Regions (XDR), Inter-Stellar Medium (ISM)/Molecular clouds",3
"Outflows, jets, feedback, Galaxy Clusters",3
"High-mass star formation, Disks around high-mass stars",7
"Gravitational lenses, Sub-mm Galaxies (SMG)",4 6 7
,3 6
"Outflows, jets and ionized winds, Astrochemistry",5
"Lyman Break Galaxies (LBG), Sub-mm Galaxies (SMG)",6
The Sun,3
Active Galactic Nuclei (AGN)/Quasars (QSO),6
"Disks around low-mass stars, Exo-planets",6
"Starbursts, star formation, Merging and interacting galaxies",8
"Starburst galaxies, Sub-mm Galaxies (SMG)",8
"Pulsars and neutron stars, Transients",7
"Starbursts, star formation, Luminous and Ultra-Luminous Infra-Red Galaxies (LIRG & ULIRG)",7
"Early-type galaxies, Giant Molecular Clouds (GMC) properties",6
"Outflows, jets, feedback, Galaxy chemistry",3
Damped Lyman Alpha (DLA) systems,8
"Lyman Alpha Emitters/Blobs (LAE/LAB), Starburst galaxies",6
"Main sequence stars, Brown dwarfs",3
"Inter-Stellar Medium (ISM)/Molecular clouds, Magellanic Clouds",6
High-z Active Galactic Nuclei (AGN),7
"Starburst galaxies, Sub-mm Galaxies (SMG)",6
"Sub-mm Galaxies (SMG), High-z Active Galactic Nuclei (AGN)",7
"Sub-mm Galaxies (SMG), High-z Active Galactic Nuclei (AGN)",6
Post-AGB stars,6
"Spiral galaxies, Galaxy chemistry",7
"Spiral galaxies, Galaxy chemistry",6
Galaxy structure & evolution,3
High-z Active Galactic Nuclei (AGN),6
Asymptotic Giant Branch (AGB) stars,9
Asymptotic Giant Branch (AGB) stars,6
Evolved stars - Chemistry,6
"Starbursts, star formation, Spiral galaxies",7
"Low-mass star formation, Astrochemistry",4
Galactic centres/nuclei,6
"Asymptotic Giant Branch (AGB) stars, Evolved stars - Shaping/physical structure",6
"Merging and interacting galaxies, Luminous and Ultra-Luminous Infra-Red Galaxies (LIRG & ULIRG)",3
Galaxy Clusters,3
Lyman Break Galaxies (LBG),5
"High-z Active Galactic Nuclei (AGN), Gravitational lenses",4
"Merging and interacting galaxies, Outflows, jets, feedback",7
Inter-Stellar Medium (ISM)/Molecular clouds,3
Giant Molecular Clouds (GMC) properties,6
Asymptotic Giant Branch (AGB) stars,4
"Starburst galaxies, High-z Active Galactic Nuclei (AGN)",4
"Outflows, jets and ionized winds",6
"Astrochemistry, Inter-Stellar Medium (ISM)/Molecular clouds",4
"Hypergiants, Evolved stars - Shaping/physical structure",3
"Surveys of galaxies, Giant Molecular Clouds (GMC) properties",6
Solar system - Trans-Neptunian Objects (TNOs),6
"Sub-mm Galaxies (SMG), Gravitational lenses",5
"Sub-mm Galaxies (SMG), Galaxy Clusters",7
"Lyman Alpha Emitters/Blobs (LAE/LAB), Lyman Break Galaxies (LBG)",6
Lyman Break Galaxies (LBG),6
"Starburst galaxies, Sub-mm Galaxies (SMG)",9
Disks around high-mass stars,4
Inter-Stellar Medium (ISM)/Molecular clouds,5
"Disks around low-mass stars, Disks around high-mass stars",9
Active Galactic Nuclei (AGN)/Quasars (QSO),5
Disks around low-mass stars,8
Supernovae (SN) ejecta,4
"Active Galactic Nuclei (AGN)/Quasars (QSO), Merging and interacting galaxies",6
"Starbursts, star formation",7
"Starbursts, star formation, Luminous and Ultra-Luminous Infra-Red Galaxies (LIRG & ULIRG)",6
"Merging and interacting galaxies, Giant Molecular Clouds (GMC) properties",6
Lyman Break Galaxies (LBG),4
"Astrochemistry, Photon-Dominated Regions (PDR)/X-Ray Dominated Regions (XDR)",4
"Lyman Alpha Emitters/Blobs (LAE/LAB), Lyman Break Galaxies (LBG)",7
"Outflows, jets and ionized winds",8
"Supernovae (SN) ejecta, Transients",7
Sub-mm Galaxies (SMG),9
"Outflows, jets, feedback, Early-type galaxies",7
"Pre-stellar cores, Infra-Red Dark Clouds (IRDC), Inter-Stellar Medium (ISM)/Molecular clouds",7
Gravitational lenses,6
"Lyman Alpha Emitters/Blobs (LAE/LAB), Sub-mm Galaxies (SMG)",3
"Starbursts, star formation, Outflows, jets, feedback",4
"Inter-Stellar Medium (ISM)/Molecular clouds, Photon-Dominated Regions (PDR)/X-Ray Dominated Regions (XDR)",8
"Intermediate-mass star formation, Astrochemistry",4
"Sub-mm Galaxies (SMG), Galaxy structure & evolution",8
"Inter-Stellar Medium (ISM)/Molecular clouds, HII regions",5
"Outflows, jets, feedback, Luminous and Ultra-Luminous Infra-Red Galaxies (LIRG & ULIRG)",4
HII regions,3
"Active Galactic Nuclei (AGN)/Quasars (QSO), Surveys of galaxies",4
"High-z Active Galactic Nuclei (AGN), Galaxy structure & evolution",9
"Inter-Stellar Medium (ISM)/Molecular clouds, Magellanic Clouds",10
High-mass star formation,8
"Active Galactic Nuclei (AGN)/Quasars (QSO), Outflows, jets, feedback",5
Luminous Blue Variables (LBV),7
"Pulsars and neutron stars, Transients",6
Photon-Dominated Regions (PDR)/X-Ray Dominated Regions (XDR),3
"High-z Active Galactic Nuclei (AGN), Galaxy Clusters",6
"Lyman Break Galaxies (LBG), Galaxy structure & evolution",7
"Starbursts, star formation, Galaxy groups and clusters",3
"Outflows, jets, feedback, Luminous and Ultra-Luminous Infra-Red Galaxies (LIRG & ULIRG)",7
"Damped Lyman Alpha (DLA) systems, Gamma Ray Bursts (GRB)",3
"Sub-mm Galaxies (SMG), Galaxy structure & evolution",9
"Debris disks, Solar system - Comets",3
"Merging and interacting galaxies, Early-type galaxies",6
Solar system - Planetary atmospheres,8
Sub-mm Galaxies (SMG),10
Intermediate-mass star formation,8
"Inter-Stellar Medium (ISM)/Molecular clouds, Magellanic Clouds",8
"Pre-stellar cores, Infra-Red Dark Clouds (IRDC)",9
"Pre-stellar cores, Infra-Red Dark Clouds (IRDC)",8
"Merging and interacting galaxies, Giant Molecular Clouds (GMC) properties",7
"Galaxy structure & evolution, Galaxy Clusters",6
Brown dwarfs,6
"Exo-planets, Solar system - Comets",4
Solar system - Comets,3
"Post-AGB stars, Evolved stars - Chemistry",7
"Outflows, jets and ionized winds",4
"Starburst galaxies, Cosmic Microwave Background (CMB)/Sunyaev-Zel'dovich Effect (SZE)",3
Luminous and Ultra-Luminous Infra-Red Galaxies (LIRG & ULIRG),8
"Sub-mm Galaxies (SMG), High-z Active Galactic Nuclei (AGN)",9
"Outflows, jets, feedback, Early-type galaxies",6
"Starbursts, star formation, Galaxy groups and clusters",6
Giant Molecular Clouds (GMC) properties,8
"Cataclysmic stars, Transients",7
"Disks around low-mass stars, Solar system - Comets",9
Black holes,7
"Starburst galaxies, Gamma Ray Bursts (GRB)",6
"Starburst galaxies, Gamma Ray Bursts (GRB)",4
"Sub-mm Galaxies (SMG), Gamma Ray Bursts (GRB)",7
Photon-Dominated Regions (PDR)/X-Ray Dominated Regions (XDR),6
"Active Galactic Nuclei (AGN)/Quasars (QSO), Surveys of galaxies",5
Cosmic Microwave Background (CMB)/Sunyaev-Zel'dovich Effect (SZE),4
"Lyman Alpha Emitters/Blobs (LAE/LAB), Galaxy structure & evolution",8
"Disks around low-mass stars, Debris disks",7
"Disks around low-mass stars, Debris disks",6
"Sub-mm Galaxies (SMG), Luminous and Ultra-Luminous Infra-Red Galaxies (LIRG & ULIRG)",7
"Gravitational lenses, Galaxy structure & evolution",9
"Outflows, jets, feedback, Luminous and Ultra-Luminous Infra-Red Galaxies (LIRG & ULIRG)",8
Evolved stars - Shaping/physical structure,8
"Gravitational lenses, Galaxy Clusters",3
"The Sun, Evolved stars - Shaping/physical structure",6
"Galactic centres/nuclei, Spiral galaxies",6
"Luminous Blue Variables (LBV), Evolved stars: Shaping/physical structure",7
"Post-AGB stars, Disks around high-mass stars",7
"Post-AGB stars, Disks around high-mass stars",9
"Early-type galaxies, Galactic centres/nuclei",3
"Sub-mm Galaxies (SMG), Cosmic Microwave Background (CMB)/Sunyaev-Zel'dovich Effect (SZE)",6
Astrochemistry,7
"Active Galactic Nuclei (AGN)/Quasars (QSO), Outflows, jets, feedback",6
Spiral galaxies,3
Starburst galaxies,6
Main sequence stars,6
Main sequence stars,8
Main sequence stars,9
"Low-mass star formation, Astrochemistry",6
Active Galactic Nuclei (AGN)/Quasars (QSO),7
Disks around low-mass stars,9
Disks around low-mass stars,4
"Sub-mm Galaxies (SMG), Gravitational lenses",7
"Active Galactic Nuclei (AGN)/Quasars (QSO), Luminous and Ultra-Luminous Infra-Red Galaxies (LIRG & ULIRG)",8
"Starbursts, star formation, Galactic centres/nuclei",3
Active Galactic Nuclei (AGN)/Quasars (QSO),3
Sub-mm Galaxies (SMG),3
"High-mass star formation, Inter-Stellar Medium (ISM)/Molecular clouds",3
"Evolved stars - Shaping/physical structure, Cataclysmic stars",3
"Active Galactic Nuclei (AGN)/Quasars (QSO), Luminous and Ultra-Luminous Infra-Red Galaxies (LIRG & ULIRG)",7
High-mass star formation,6
"Spiral galaxies, Galaxy chemistry",3
"Pre-stellar cores, Infra-Red Dark Clouds (IRDC)",6
"Asymptotic Giant Branch (AGB) stars, Post-AGB stars",7
"Post-AGB stars, Evolved stars - Shaping/physical structure",7
Debris disks,6
Black holes,3
"Galactic centres/nuclei, Giant Molecular Clouds (GMC) properties",6
"Surveys of galaxies, Luminous and Ultra-Luminous Infra-Red Galaxies (LIRG & ULIRG)",6
"Pre-stellar cores, Infra-Red Dark Clouds (IRDC), Astrochemistry",7
"Starbursts, star formation, Spiral galaxies",6
"Starbursts, star formation, Spiral galaxies",3
"Cosmic Microwave Background (CMB)/Sunyaev-Zel'dovich Effect (SZE), Galaxy Clusters",4
Galaxy Clusters,6
"Debris disks, Disks around high-mass stars",7
"Low-mass star formation, HII regions",3
Exo-planets,6
"Starbursts, star formation, Active Galactic Nuclei (AGN)/Quasars (QSO)",3
"Outflows, jets, feedback",7
"Active Galactic Nuclei (AGN)/Quasars (QSO), Outflows, jets, feedback",8
"Active Galactic Nuclei (AGN)/Quasars (QSO), Outflows, jets, feedback",4
Astrochemistry,3
Luminous and Ultra-Luminous Infra-Red Galaxies (LIRG & ULIRG),3
Luminous and Ultra-Luminous Infra-Red Galaxies (LIRG & ULIRG),7
"Supernovae (SN) ejecta, Pulsars and neutron stars",7
"Spiral galaxies, Giant Molecular Clouds (GMC) properties",7
"High-mass star formation, Intermediate-mass star formation",6
"Outflows, jets and ionized winds, Astrochemistry",7
"Starburst galaxies, Sub-mm Galaxies (SMG)",4
"Low-mass star formation, Inter-Stellar Medium (ISM)/Molecular clouds",6
"Starbursts, star formation, Giant Molecular Clouds (GMC) properties",3
"Outflows, jets, feedback",4
Giant Molecular Clouds (GMC) properties,7
"Black holes, Transients",6
"Outflows, jets and ionized winds",7
"Outflows, jets and ionized winds, Magellanic Clouds",3
Surveys of galaxies,4
"Astrochemistry, Magellanic Clouds",7
Supernovae (SN) ejecta,3
"Debris disks, Disks around high-mass stars",4
Solar system - Trans-Neptunian Objects (TNOs),7
"Merging and interacting galaxies, Surveys of galaxies",6
"Low-mass star formation, Pre-stellar cores, Infra-Red Dark Clouds (IRDC)",7
"Outflows, jets and ionized winds, Inter-Stellar Medium (ISM)/Molecular clouds",6
"Starbursts, star formation",3
"Black holes, Transients",7
"High-mass star formation, Inter-Stellar Medium (ISM)/Molecular clouds",7
"Starbursts, star formation, Surveys of galaxies",8
Surveys of galaxies,6
"Starburst galaxies, Gravitational lenses",4
"Outflows, jets, feedback",5
"Lyman Break Galaxies (LBG), Damped Lyman Alpha (DLA) systems",4
"Outflows, jets, feedback, Galactic centres/nuclei",6
Merging and interacting galaxies,6
"Supernovae (SN) ejecta, Pulsars and neutron stars",9
Asymptotic Giant Branch (AGB) stars,10
"Lyman Alpha Emitters/Blobs (LAE/LAB), Gravitational lenses",6
"Starbursts, star formation, Outflows, jets, feedback",6
Solar system - Comets,8
"Outflows, jets and ionized winds, Low-mass star formation",9
"Active Galactic Nuclei (AGN)/Quasars (QSO), Galactic centres/nuclei",3
"Lyman Break Galaxies (LBG), Gravitational lenses",4
"Low-mass star formation, Inter-Stellar Medium (ISM)/Molecular clouds",3
"Lyman Break Galaxies (LBG), Damped Lyman Alpha (DLA) systems",3
"Damped Lyman Alpha (DLA) systems, Galaxy structure & evolution",4
"Active Galactic Nuclei (AGN)/Quasars (QSO), Spiral galaxies",7
Early-type galaxies,3
"Inter-Stellar Medium (ISM)/Molecular clouds, Photon-Dominated Regions (PDR)/X-Ray Dominated Regions (XDR)",4
Intermediate-mass star formation,9
"Evolved stars - Shaping/physical structure, Supernovae (SN) ejecta",6
"Disks around high-mass stars, Exo-planets",6
"Galaxy chemistry, Dwarf/metal-poor galaxies",3
"Outflows, jets and ionized winds, High-mass star formation",9
The Sun,7
"Starburst galaxies, Galaxy Clusters",7
"Starbursts, star formation, Dwarf/metal-poor galaxies",3
"Debris disks, Solar system - Comets",7
Gamma Ray Bursts (GRB),5
Inter-Stellar Medium (ISM)/Molecular clouds,9
"Asymptotic Giant Branch (AGB) stars, Evolved stars - Shaping/physical structure",5
Galaxy groups and clusters,4
"Lyman Alpha Emitters/Blobs (LAE/LAB), Damped Lyman Alpha (DLA) systems",6
"Starbursts, star formation, Surveys of galaxies",4
"Debris disks, Disks around high-mass stars",10
"Intermediate-mass star formation, Pre-stellar cores, Infra-Red Dark Clouds (IRDC)",7
"Exo-planets, Solar system - Comets",6
"Exo-planets, Solar system - Comets",7
"High-mass star formation, Pre-stellar cores, Infra-Red Dark Clouds (IRDC)",8
"Evolved stars - Shaping/physical structure, Evolved stars - Chemistry",7
Pulsars and neutron stars,7
"Outflows, jets and ionized winds, Astrochemistry",4
Solar system - Comets,4
Galaxy structure & evolution,1
"Hypergiants, Evolved stars - Chemistry",6
Luminous and Ultra-Luminous Infra-Red Galaxies (LIRG & ULIRG),10
Gravitational lenses,8
"Cosmic Microwave Background (CMB)/Sunyaev-Zel'dovich Effect (SZE), Galaxy Clusters",1
"Debris disks, Exoplanets",7
"Post-AGB stars, Outflows, jets and ionized winds",6
"Luminous and Ultra-Luminous Infra-Red Galaxies (LIRG & ULIRG), Outflows, jets and ionized winds",9
"Merging and interacting galaxies, Inter-Stellar Medium (ISM)/Molecular clouds",3
"Astrochemistry, Low-mass star formation",3
"Lyman Break Galaxies (LBG), Galaxy Clusters",6
"Active Galactic Nuclei (AGN)/Quasars (QSO), Galactic centres/nuclei",10
Solar system - Planetary surfaces,3
"Solar system - Planetary atmospheres, Solar system - Planetary surfaces",7
"The Sun, Transients",3
"The Sun, Transients",6
"Low-mass star formation, Disks around low-mass stars",7
"Galaxy groups and clusters, Outflows, jets, feedback",6
"Pre-stellar cores, Infra-Red Dark Clouds (IRDC), Low-mass star formation",6
"Outflows, jets, feedback, Galaxy Clusters",7
"Astrochemistry, Low-mass star formation",6
"High-mass star formation, Disks around high-mass stars",6
"Galactic centres/nuclei, Active Galactic Nuclei (AGN)/Quasars (QSO)",3
"Solar system - Planetary surfaces, Solar system - Planetary atmospheres",7
"High-z Active Galactic Nuclei (AGN), Active Galactic Nuclei (AGN)/Quasars (QSO)",6
"Disks around low-mass stars, Outflows, jets and ionized winds",6
"Disks around low-mass stars, Low-mass star formation",9
Solar system - Comets,9
"Solar system - Comets, Astrochemistry",6
"Low-mass star formation, Inter-Stellar Medium (ISM)/Molecular clouds",7
"Lyman Alpha Emitters/Blobs (LAE/LAB), Sub-mm Galaxies (SMG)",5
"Supernovae (SN) ejecta, Transients",1
"Starbursts, star formation, Merging and interacting galaxies",3
"Outflows, jets and ionized winds, Photon-Dominated Regions (PDR)/X-Ray Dominated Regions (XDR)",8
"Outflows, jets and ionized winds, Photon-Dominated Regions (PDR)/X-Ray Dominated Regions (XDR)",9
"Lyman Break Galaxies (LBG), Starburst galaxies",6
"Merging and interacting galaxies, Outflows, jets, feedback",3
Damped Lyman Alpha (DLA) systems,4
"Debris disks, Exo-planets",6
Lyman Break Galaxies (LBG),7
Galactic centres/nuclei,3
Luminous and Ultra-Luminous Infra-Red Galaxies (LIRG & ULIRG),6
Disks around high-mass stars,7
"Pre-stellar cores, Infra-Red Dark Clouds (IRDC)",7
Active Galactic Nuclei (AGN)/Quasars (QSO),9
Lyman Alpha Emitters/Blobs (LAE/LAB),7
"Starbursts, star formation, Active Galactic Nuclei (AGN)/Quasars (QSO)",8
"Spiral galaxies, Giant Molecular Clouds (GMC) properties",3
"Astrochemistry, Inter-Stellar Medium (ISM)/Molecular clouds",7
Solar system - Comets,7
"Solar system - Planetary surfaces, Solar system - Asteroids",6
Solar system - Planetary atmospheres,6
"Outflows, jets, feedback, Galaxy groups and clusters",6
"Solar system - Planetary atmospheres, Solar system - Asteroids",7
"Active Galactic Nuclei (AGN)/Quasars (QSO), Galactic centres/nuclei",9
"Lyman Alpha Emitters/Blobs (LAE/LAB), Starburst galaxies",7
"Intermediate-mass star formation, Astrochemistry",9
"Lyman Break Galaxies (LBG), Galaxy Clusters",7
"Starbursts, star formation, Active Galactic Nuclei (AGN)/Quasars (QSO)",9
"Spiral galaxies, Outflows, jets, feedback",3
"Low-mass star formation, Pre-stellar cores, Infra-Red Dark Clouds (IRDC)",6
"Sub-mm Galaxies (SMG), High-z Active Galactic Nuclei (AGN)",4
"Outflows, jets, feedback, Luminous and Ultra-Luminous Infra-Red Galaxies (LIRG & ULIRG)",6
"Intermediate-mass star formation, Low-mass star formation",6
Low-mass star formation,3
Lyman Alpha Emitters/Blobs (LAE/LAB),8
Starburst galaxies,8
"Outflows, jets and ionized winds, Low-mass star formation",5
"Starburst galaxies, High-z Active Galactic Nuclei (AGN)",7
"Sub-mm Galaxies (SMG), Gravitational lenses",4
"Active Galactic Nuclei (AGN)/Quasars (QSO), Outflows, jets, feedback",7
Astrochemistry,4
Debris disks,5
"Supernovae (SN) ejecta, Transients",6
"Sub-mm Galaxies (SMG), Galaxy Clusters",3
"Galaxy chemistry, Giant Molecular Clouds (GMC) properties",3
"Sub-mm Galaxies (SMG), Galaxy structure & evolution",3
Spiral galaxies,7
Spiral galaxies,6
"Starburst galaxies, Sub-mm Galaxies (SMG)",7
Galaxy chemistry,3
Galaxy groups and clusters,6
"Black holes, Transients",3
"Disks around low-mass stars, Exo-planets",9
"Lyman Alpha Emitters/Blobs (LAE/LAB), Lyman Break Galaxies (LBG)",8
"High-mass star formation, Low-mass star formation",6
"Surveys of galaxies, Dwarf/metal-poor galaxies",6
"Galaxy chemistry, Dwarf/metal-poor galaxies",6
Solar system - Planetary surfaces,6
"Active Galactic Nuclei (AGN)/Quasars (QSO), Galaxy groups and clusters",6
"Starburst galaxies, Sub-mm Galaxies (SMG)",5
"Evolved stars - Chemistry, Transients",3
"Astrochemistry, Magellanic Clouds",6
"Merging and interacting galaxies, Galaxy chemistry",4
"Spiral galaxies, Giant Molecular Clouds (GMC) properties",4
Dwarf/metal-poor galaxies,7
"Astrochemistry, Photon-Dominated Regions (PDR)/X-Ray Dominated Regions (XDR)",7
"Active Galactic Nuclei (AGN)/Quasars (QSO), Merging and interacting galaxies",3
Solar system - Planetary atmospheres,5
"Astrochemistry, Inter-Stellar Medium (ISM)/Molecular clouds",6
"Merging and interacting galaxies, Galaxy groups and clusters",3
Lyman Break Galaxies (LBG),3
"Asymptotic Giant Branch (AGB) stars, Evolved stars - Shaping/physical structure",8
"Starbursts, star formation, Dwarf/metal-poor galaxies",6
"Starburst galaxies, Gravitational lenses",3
Sub-mm Galaxies (SMG),5
Merging and interacting galaxies,9
"Debris disks, Disks around low-mass stars",3
"Dwarf/metal-poor galaxies, Giant Molecular Clouds (GMC) properties",6
"Pre-stellar cores, Infra-Red Dark Clouds (IRDC), Astrochemistry",5
"Intermediate-mass star formation, Low-mass star formation",7
Spiral galaxies,8
"High-z Active Galactic Nuclei (AGN), Galaxy structure & evolution",4
"Starbursts, star formation",9
"Astrochemistry, Photon-Dominated Regions (PDR)/X-Ray Dominated Regions (XDR)",6
"Lyman Break Galaxies (LBG), Starburst galaxies",3
"Asymptotic Giant Branch (AGB) stars, Post-AGB stars",3
"Merging and interacting galaxies, Luminous and Ultra-Luminous Infra-Red Galaxies (LIRG & ULIRG)",6
"Astrochemistry, Inter-Stellar Medium (ISM)/Molecular clouds",9
Intermediate-mass star formation,7
"Merging and interacting galaxies, Luminous and Ultra-Luminous Infra-Red Galaxies (LIRG & ULIRG)",9
"Lyman Break Galaxies (LBG), Starburst galaxies",7
"Spiral galaxies, Galactic centres/nuclei",3
"Gravitational lenses, Galaxy structure & evolution",4
"Outflows, jets, feedback, Luminous and Ultra-Luminous Infra-Red Galaxies (LIRG & ULIRG)",3
"Lyman Alpha Emitters/Blobs (LAE/LAB), High-z Active Galactic Nuclei (AGN)",3
"Starburst galaxies, Gravitational lenses",7
"Galaxy chemistry, Luminous and Ultra-Luminous Infra-Red Galaxies (LIRG & ULIRG)",4
"Galaxy groups and clusters, Giant Molecular Clouds (GMC) properties",7
"Outflows, jets, feedback, Giant Molecular Clouds (GMC) properties",6
Gamma Ray Bursts (GRB),4
Hypergiants,6
Hypergiants,3
"White dwarfs, Transients",7
"White dwarfs, Transients",3
Starburst galaxies,5
High-mass star formation,9
"Astrochemistry, Inter-Stellar Medium (ISM)/Molecular clouds",10
"Disks around low-mass stars, Exo-planets",4
"Starburst galaxies, Sub-mm Galaxies (SMG)",10
"Starbursts, star formation, Merging and interacting galaxies",4
"Starbursts, star formation, Outflows, jets, feedback",3
"Sub-mm Galaxies (SMG), Cosmic Microwave Background (CMB)/Sunyaev-Zel'dovich Effect (SZE)",3
"Disks around low-mass stars, Disks around high-mass stars",3
Lyman Alpha Emitters/Blobs (LAE/LAB),10
Lyman Alpha Emitters/Blobs (LAE/LAB),9
Surveys of galaxies,5
Cosmic Microwave Background (CMB)/Sunyaev-Zel'dovich Effect (SZE),6
"Black holes, Active Galactic Nuclei (AGN)/Quasars (QSO)",3
,6
"Starbursts, star formation, Giant Molecular Clouds (GMC) properties",8
"Inter-Stellar Medium (ISM)/Molecular clouds, Astrochemistry",6
"High-z Active Galactic Nuclei (AGN), Galaxy Clusters",7
"High-z Active Galactic Nuclei (AGN), Sub-mm Galaxies (SMG)",7
"High-mass star formation, Astrochemistry",9
"Luminous and Ultra-Luminous Infra-Red Galaxies (LIRG & ULIRG), Galaxy chemistry",7
"Luminous and Ultra-Luminous Infra-Red Galaxies (LIRG & ULIRG), Galaxy chemistry",3
"Photon-Dominated Regions (PDR)/X-Ray Dominated Regions (XDR), Inter-Stellar Medium (ISM)/Molecular clouds",6
"Disks around low-mass stars, Pre-stellar cores, Infra-Red Dark Clouds (IRDC)",7
"Disks around low-mass stars, Astrochemistry",7
"Galaxy structure & evolution, Galaxy chemistry",7
"Galactic centres/nuclei, Outflows, jets, feedback",7
"Disks around low-mass stars, Astrochemistry",6 7
Galaxy structure & evolution,9
"Merging and interacting galaxies, Early-type galaxies",7
"Disks around low-mass stars, Astrochemistry",3
Photon-Dominated Regions (PDR)/X-Ray Dominated Regions (XDR),1
"Inter-Stellar Medium (ISM)/Molecular clouds, HII regions",1
"Merging and interacting galaxies, Galactic centres/nuclei",3
"Outflows, jets, feedback",6
Exo-planets,7
"Outflows, jets, feedback, Galactic centres/nuclei",3
"Active Galactic Nuclei (AGN)/Quasars (QSO), Galactic centres/nuclei",6
Exo-planets,3
Disks around low-mass stars,7
"Starburst galaxies, Galaxy structure & evolution",6
Inter-Stellar Medium (ISM)/Molecular clouds,6
Brown dwarfs,3
Solar system - Planetary atmospheres,7
Low-mass star formation,7
"Early-type galaxies, Galactic centres/nuclei",6
"Active Galactic Nuclei (AGN)/Quasars (QSO), Luminous and Ultra-Luminous Infra-Red Galaxies (LIRG & ULIRG)",3
Debris disks,7
Supernovae (SN) ejecta,7
"Disks around low-mass stars, Exo-planets",7
High-mass star formation,7
"Starbursts, star formation, Active Galactic Nuclei (AGN)/Quasars (QSO)",7
"Asymptotic Giant Branch (AGB) stars, Evolved stars - Shaping/physical structure",7
"Active Galactic Nuclei (AGN)/Quasars (QSO), Galactic centres/nuclei",5
Disks around high-mass stars,6
Galaxy Clusters,4
Starburst galaxies,9
"Sub-mm Galaxies (SMG), High-z Active Galactic Nuclei (AGN)",3
"Merging and interacting galaxies, Outflows, jets, feedback",5
Galaxy structure & evolution,4
Solar system - Planetary atmospheres,4
Galactic centres/nuclei,5
Low-mass star formation,5
Low-mass star formation,9
Surveys of galaxies,7
"Intermediate-mass star formation, Astrochemistry",3
"Active Galactic Nuclei (AGN)/Quasars (QSO), Luminous and Ultra-Luminous Infra-Red Galaxies (LIRG & ULIRG)",6
"Low-mass star formation, Pre-stellar cores, Infra-Red Dark Clouds (IRDC)",3
"Starburst galaxies, High-z Active Galactic Nuclei (AGN)",3
"Starbursts, star formation, Outflows, jets, feedback",8
Early-type galaxies,6
"Galaxy chemistry, Giant Molecular Clouds (GMC) properties",7
"Asymptotic Giant Branch (AGB) stars, Evolved stars - Chemistry",4
"Lyman Alpha Emitters/Blobs (LAE/LAB), Sub-mm Galaxies (SMG)",6
"Solar system - Planetary atmospheres, Solar system - Planetary surfaces",6
High-z Active Galactic Nuclei (AGN),8
"Active Galactic Nuclei (AGN)/Quasars (QSO), Early-type galaxies",3
"Galaxy structure & evolution, Galaxy Clusters",7
"Surveys of galaxies, Dwarf/metal-poor galaxies",3
"Disks around low-mass stars, Disks around high-mass stars",7
"Evolved stars - Chemistry, Transients",4
The Sun,6
Starburst galaxies,4
"Main sequence stars, Evolved stars - Shaping/physical structure",3
"Outflows, jets and ionized winds, Low-mass star formation",3
Gravitational lenses,7
"Solar system - Planetary atmospheres, Solar system - Planetary surfaces",5
"Supernovae (SN) ejecta, Transients",8
"Supernovae (SN) ejecta, Transients",9
"Supernovae (SN) ejecta, Transients",3
"Outflows, jets, feedback, Luminous and Ultra-Luminous Infra-Red Galaxies (LIRG & ULIRG)",5
"Inter-Stellar Medium (ISM)/Molecular clouds, Photon-Dominated Regions (PDR)/X-Ray Dominated Regions (XDR)",6
"Pre-stellar cores, Infra-Red Dark Clouds (IRDC), Photon-Dominated Regions (PDR)/X-Ray Dominated Regions (XDR)",7
"Starburst galaxies, Galaxy structure & evolution",3
"Pre-stellar cores, Infra-Red Dark Clouds (IRDC), Astrochemistry",6
"Sub-mm Galaxies (SMG), Galaxy structure & evolution",4
"Starbursts, star formation, Galaxy chemistry",6
"Active Galactic Nuclei (AGN)/Quasars (QSO), Galaxy groups and clusters",5
"Pre-stellar cores, Infra-Red Dark Clouds (IRDC), Astrochemistry",3
Galaxy groups and clusters,7
"Post-AGB stars, Evolved stars - Chemistry",3
"Outflows, jets, feedback",8
Disks around low-mass stars,5
Lyman Break Galaxies (LBG),8
"Galaxy chemistry, Giant Molecular Clouds (GMC) properties",5
Lyman Alpha Emitters/Blobs (LAE/LAB),4
"Dwarf/metal-poor galaxies, Giant Molecular Clouds (GMC) properties",3
"Spiral galaxies, Merging and interacting galaxies",3
Photon-Dominated Regions (PDR)/X-Ray Dominated Regions (XDR),7
"Starbursts, star formation, Galaxy chemistry",7
"Lyman Break Galaxies (LBG), Starburst galaxies",8
"Starbursts, star formation, Surveys of galaxies",7
"Evolved stars - Shaping/physical structure, Luminous Blue Variables (LBV)",7
Intermediate-mass star formation,6
"Galaxy chemistry, Luminous and Ultra-Luminous Infra-Red Galaxies (LIRG & ULIRG)",6
"Galaxy structure & evolution, Galaxy Clusters",5
"Luminous and Ultra-Luminous Infra-Red Galaxies (LIRG & ULIRG), Giant Molecular Clouds (GMC) properties",8
"Luminous and Ultra-Luminous Infra-Red Galaxies (LIRG & ULIRG), Giant Molecular Clouds (GMC) properties",6
"High-mass star formation, Astrochemistry",3
,9
"White dwarfs, Transients",5
"Starbursts, star formation, Outflows, jets, feedback",9
Luminous and Ultra-Luminous Infra-Red Galaxies (LIRG & ULIRG),5
Galaxy groups and clusters,5
"Lyman Break Galaxies (LBG), Gravitational lenses",5
Galaxy structure & evolution,8
"Starbursts, star formation",5
"Exo-planets, Solar system - Comets",3
Galaxy Clusters,7
"Post-AGB stars, Evolved stars - Chemistry",6
"Active Galactic Nuclei (AGN)/Quasars (QSO), Surveys of galaxies",7
"Active Galactic Nuclei (AGN)/Quasars (QSO), Dwarf/metal-poor galaxies",6
"High-mass star formation, Astrochemistry",8
"Early-type galaxies, Galaxy chemistry",6
"Post-AGB stars, Evolved stars - Chemistry",5
"Sub-mm Galaxies (SMG), High-z Active Galactic Nuclei (AGN)",10
"Photon-Dominated Regions (PDR)/X-Ray Dominated Regions (XDR), HII regions",8
"Lyman Break Galaxies (LBG), Sub-mm Galaxies (SMG)",5
"Gravitational lenses, Damped Lyman Alpha (DLA) systems",4
"High-z Active Galactic Nuclei (AGN), Galaxy structure & evolution",8
"Evolved stars - Shaping/physical structure, Evolved stars - Chemistry",3
"Outflows, jets and ionized winds, Astrochemistry",3
Transients,8
"Hypergiants, Evolved stars - Shaping/physical structure",4
"Debris disks, Disks around low-mass stars",9
"Post-AGB stars, Outflows, jets and ionized winds",3
"Astrochemistry, Low-mass star formation",7
"Black holes, Active Galactic Nuclei (AGN)/Quasars (QSO)",6
"Outflows, jets, feedback, Luminous and Ultra-Luminous Infra-Red Galaxies (LIRG & ULIRG)",9
"Pulsars and neutron stars, Black holes",3
"Active Galactic Nuclei (AGN)/Quasars (QSO), Luminous and Ultra-Luminous Infra-Red Galaxies (LIRG & ULIRG)",9
"Debris disks, Exo-planets",4
"The Sun, Main sequence stars",4
"Cosmic Microwave Background (CMB)/Sunyaev-Zel'dovich Effect (SZE), Galaxy structure & evolution",4
"Sub-mm Galaxies (SMG), Gravitational lenses",9
Solar system - Planetary surfaces,7
"The Sun, Evolved stars - Shaping/physical structure",3
"Disks around low-mass stars, Low-mass star formation",7
"Luminous Blue Variables (LBV), Evolved stars: Shaping/physical structure",6
"High-z Active Galactic Nuclei (AGN), Active Galactic Nuclei (AGN)/Quasars (QSO)",7
"Evolved stars - Chemistry, Asymptotic Giant Branch (AGB) stars",6
"Low-mass star formation, Astrochemistry",9
Active Galactic Nuclei (AGN)/Quasars (QSO),6 7
"High-mass star formation, Photon-Dominated Regions (PDR)/X-Ray Dominated Regions (XDR)",7
Starburst galaxies,7
Main sequence stars,4
"Low-mass star formation, Astrochemistry",7
"Low-mass star formation, Astrochemistry",8
"High-mass star formation, Pre-stellar cores, Infra-Red Dark Clouds (IRDC)",6
"Starbursts, star formation, Galactic centres/nuclei",6
Sub-mm Galaxies (SMG),6
"Starburst galaxies, Galaxy structure & evolution",7
"Outflows, jets, feedback",3
Supernovae (SN) ejecta,6
High-mass star formation,3
"Cosmic Microwave Background (CMB)/Sunyaev-Zel'dovich Effect (SZE), Galaxy Clusters",3
"Inter-Stellar Medium (ISM)/Molecular clouds, Magellanic Clouds",7
"Disks around low-mass stars, Disks around high-mass stars",6
Astrochemistry,6
Galactic centres/nuclei,9
"Starbursts, star formation, Merging and interacting galaxies",7
Post-AGB stars,7
High-z Active Galactic Nuclei (AGN),3
"Spiral galaxies, Galaxy chemistry",8
"Solar system - Planetary atmospheres, Solar system - Planetary surfaces",3
Pulsars and neutron stars,3
Pulsars and neutron stars,6
"Sub-mm Galaxies (SMG), Galaxy structure & evolution",6
Starburst galaxies,3
"Starbursts, star formation, Active Galactic Nuclei (AGN)/Quasars (QSO)",4
Inter-Stellar Medium (ISM)/Molecular clouds,7
Astrochemistry,10
"Galactic centres/nuclei, Luminous and Ultra-Luminous Infra-Red Galaxies (LIRG & ULIRG)",6
"Starburst galaxies, High-z Active Galactic Nuclei (AGN)",6
"Lyman Break Galaxies (LBG), Galaxy structure & evolution",4
"Outflows, jets, feedback, Galactic centres/nuclei",4
"Outflows, jets and ionized winds, High-mass star formation",7
"High-z Active Galactic Nuclei (AGN), Galaxy structure & evolution",7
"Starbursts, star formation, Galactic centres/nuclei",9
Gravitational lenses,4
Gravitational lenses,5
Galaxy chemistry,6
"Starbursts, star formation, Galaxy chemistry",5
"Black holes, Transients",4
"Solar system - Planetary atmospheres, Solar system - Planetary surfaces",4
Damped Lyman Alpha (DLA) systems,5
Transients,6
"Gravitational lenses, Galaxy structure & evolution",3
Supernovae (SN) ejecta,9
"Active Galactic Nuclei (AGN)/Quasars (QSO), Merging and interacting galaxies",7
"Astrochemistry, Photon-Dominated Regions (PDR)/X-Ray Dominated Regions (XDR)",8
"Merging and interacting galaxies, Giant Molecular Clouds (GMC) properties",3
Cosmic Microwave Background (CMB)/Sunyaev-Zel'dovich Effect (SZE),3
Astrochemistry,8
"Merging and interacting galaxies, Galaxy groups and clusters",6
"Supernovae (SN) ejecta, Transients",4
Magellanic Clouds,6
Solar system - Comets,6
"Outflows, jets, feedback, Early-type galaxies",4
"Active Galactic Nuclei (AGN)/Quasars (QSO), Surveys of galaxies",6
"Lyman Break Galaxies (LBG), Galaxy structure & evolution",8
Pulsars and neutron stars,4
"Inter-Stellar Medium (ISM)/Molecular clouds, HII regions",6
"Lyman Break Galaxies (LBG), Sub-mm Galaxies (SMG)",3
"Sub-mm Galaxies (SMG), Galaxy structure & evolution",5
"High-z Active Galactic Nuclei (AGN), Galaxy Clusters",3
"Outflows, jets, feedback",9
"Intermediate-mass star formation, Astrochemistry",6
"Inter-Stellar Medium (ISM)/Molecular clouds, HII regions",3
"Inter-Stellar Medium (ISM)/Molecular clouds, HII regions",4
"Sub-mm Galaxies (SMG), Galaxy structure & evolution",7
"Debris disks, Solar system - Comets",6
"Active Galactic Nuclei (AGN)/Quasars (QSO), Surveys of galaxies",3
"Starburst galaxies, Gravitational lenses",5
"Starbursts, star formation, Galactic centres/nuclei",7
"Starbursts, star formation, Early-type galaxies",3
"Starburst galaxies, Gravitational lenses",8
"High-z Active Galactic Nuclei (AGN), Damped Lyman Alpha (DLA) systems",3
Asymptotic Giant Branch (AGB) stars,3
"HII regions, Magellanic Clouds",3
"Pre-stellar cores, Infra-Red Dark Clouds (IRDC)",4
"Disks around low-mass stars, Solar system - Comets",7
"Solar system - Planetary atmospheres, Solar system - Trans-Neptunian Objects (TNOs)",7
"Evolved stars - Shaping/physical structure, Evolved stars - Chemistry",6
"Outflows, jets and ionized winds, Intermediate-mass star formation",7
"Galaxy structure & evolution, Galaxy Clusters",4
"Starbursts, star formation, Galaxy chemistry",3
"Dwarf/metal-poor galaxies, Luminous and Ultra-Luminous Infra-Red Galaxies (LIRG & ULIRG)",3
"Lyman Break Galaxies (LBG), Galaxy structure & evolution",5
"Disks around low-mass stars, Solar system - Comets",8
"Surveys of galaxies, Galaxy groups and clusters",6
"Cataclysmic stars, Supernovae (SN) ejecta",4
"Damped Lyman Alpha (DLA) systems, Galaxy structure & evolution",7
"Damped Lyman Alpha (DLA) systems, Galaxy structure & evolution",6
Black holes,4
"Pre-stellar cores, Infra-Red Dark Clouds (IRDC)",10
"Starburst galaxies, Galaxy structure & evolution",8
"Lyman Alpha Emitters/Blobs (LAE/LAB), Sub-mm Galaxies (SMG)",8
"Lyman Break Galaxies (LBG), Sub-mm Galaxies (SMG)",4
High-z Active Galactic Nuclei (AGN),9
"Lyman Alpha Emitters/Blobs (LAE/LAB), Galaxy Clusters",4
"Inter-Stellar Medium (ISM)/Molecular clouds, Photon-Dominated Regions (PDR)/X-Ray Dominated Regions (XDR)",9
Lyman Break Galaxies (LBG),9
"Lyman Break Galaxies (LBG), Starburst galaxies",5
Galaxy groups and clusters,3
"Surveys of galaxies, Galaxy groups and clusters",7
"Lyman Alpha Emitters/Blobs (LAE/LAB), Sub-mm Galaxies (SMG)",9
"Galactic centres/nuclei, Luminous and Ultra-Luminous Infra-Red Galaxies (LIRG & ULIRG)",5
"High-mass star formation, Pre-stellar cores, Infra-Red Dark Clouds (IRDC)",4
"Outflows, jets and ionized winds, Low-mass star formation",8
Early-type galaxies,7
"Outflows, jets, feedback, Luminous and Ultra-Luminous Infra-Red Galaxies (LIRG & ULIRG)",10
"Outflows, jets and ionized winds, High-mass star formation",8
"Active Galactic Nuclei (AGN)/Quasars (QSO), Outflows, jets, feedback",9
"Asymptotic Giant Branch (AGB) stars, Evolved stars - Shaping/physical structure",9
Low-mass star formation,1
"Disks around low-mass stars, Brown dwarfs",3
"Galaxy structure & evolution, Surveys of galaxies",7
"Merging and interacting galaxies, Inter-Stellar Medium (ISM)/Molecular clouds",7
"Cataclysmic stars, Transients",6
Gravitational lenses,3
"The Sun, Main sequence stars",9
"Cosmic Microwave Background (CMB)/Sunyaev-Zel'dovich Effect (SZE), Galaxy structure & evolution",3
"Outflows, jets and ionized winds, Intermediate-mass star formation",6
"Inter-Stellar Medium (ISM)/Molecular clouds, Astrochemistry",3
"Luminous and Ultra-Luminous Infra-Red Galaxies (LIRG & ULIRG), Galaxy chemistry",6
"Galaxy structure & evolution, Galaxy chemistry",3
"Black holes, Active Galactic Nuclei (AGN)/Quasars (QSO)",7
"Black holes, Active Galactic Nuclei (AGN)/Quasars (QSO)",9
Disks around high-mass stars,9
Black holes,3 6 7
"Luminous and Ultra-Luminous Infra-Red Galaxies (LIRG & ULIRG), Starbursts, star formation",7
"Evolved stars - Chemistry, Asymptotic Giant Branch (AGB) stars",9
"Lyman Alpha Emitters/Blobs (LAE/LAB), Galaxy structure & evolution",6
"Outflows, jets, feedback, Galactic centres/nuclei",9
"Early-type galaxies, Galactic centres/nuclei",7
"Active Galactic Nuclei (AGN)/Quasars (QSO), Early-type galaxies",6
,3
"Intermediate-mass star formation, Astrochemistry",5
